flow_duration,flow_byts_s,flow_pkts_s,fwd_pkts_s,bwd_pkts_s,tot_fwd_pkts,tot_bwd_pkts,totlen_fwd_pkts,totlen_bwd_pkts,fwd_pkt_len_max,fwd_pkt_len_min,fwd_pkt_len_mean,fwd_pkt_len_std,bwd_pkt_len_max,bwd_pkt_len_min,bwd_pkt_len_mean,bwd_pkt_len_std,pkt_len_max,pkt_len_min,pkt_len_mean,pkt_len_std,pkt_len_var,fwd_header_len,bwd_header_len,fwd_seg_size_min,fwd_act_data_pkts,flow_iat_mean,flow_iat_max,flow_iat_min,flow_iat_std,fwd_iat_tot,fwd_iat_max,fwd_iat_min,fwd_iat_mean,fwd_iat_std,bwd_iat_tot,bwd_iat_max,bwd_iat_min,bwd_iat_mean,bwd_iat_std,fwd_psh_flags,bwd_psh_flags,fwd_urg_flags,bwd_urg_flags,fin_flag_cnt,syn_flag_cnt,rst_flag_cnt,psh_flag_cnt,ack_flag_cnt,urg_flag_cnt,ece_flag_cnt,down_up_ratio,pkt_size_avg,init_fwd_win_byts,init_bwd_win_byts,active_max,active_min,active_mean,active_std,idle_max,idle_min,idle_mean,idle_std,fwd_byts_b_avg,fwd_pkts_b_avg,bwd_byts_b_avg,bwd_pkts_b_avg,fwd_blk_rate_avg,bwd_blk_rate_avg,fwd_seg_size_avg,bwd_seg_size_avg,cwr_flag_count,subflow_fwd_pkts,subflow_bwd_pkts,subflow_fwd_byts,subflow_bwd_byts
122.127442,161.11857972100978,0.9498274761212144,0.5404190812413806,0.4094083948798338,66,50,8188,11489,362,68,124.06060606060606,59.1943073603798,1595,68,229.78,336.6469539443362,1595,68,169.6293103448276,231.48275910225658,53584.26776159335,1320,1000,20,39,1.061977756521739,10.010791,0.0,3.0580551616921006,122.127442,10.010791,0.0,1.878883723076923,3.874331860759623,112.118499,10.011024,3.5e-05,2.2881326326530615,4.163617061957007,39,33,0,0,0,3,0,72,114,0,0,0.7575757575757576,169.6293103448276,64860,64308,0,0,0,0,0,0,0,0,464.0,7.0,6121.0,14.0,1348837.209302325581395348837,1303449.744463373083475298126,124.06060606060606,229.78,0,66,50,8188,11489
120.04822,59.42612060387068,0.5081291501031835,0.30820948448881624,0.1999196656143673,37,24,5076,2058,177,68,137.1891891891892,48.26774304089125,104,68,85.75,17.75352077758099,177,68,116.95081967213115,46.568273949894255,2168.6041386724,740,480,20,25,2.0008036666666666,10.010094,0.0,4.0014009400597965,120.04822,10.010094,0.0,3.3346727777777776,4.715647584565543,110.047976,10.010283,0.000119,4.784694608695652,4.997242925720618,25,12,0,0,0,0,0,37,61,0,0,0.6486486486486487,116.95081967213115,568,501,0,0,0,0,0,0,0,0,0,0,0,0,0,0,137.1891891891892,85.75,0,37,24,5076,2058
113.664478,1713.5432584311873,12.228974473449831,6.149678530173692,6.079295943276139,699,691,103665,91104,827,68,148.3047210300429,66.61155190750247,2282,68,131.8437047756874,111.07528066189317,2282,68,140.12158273381294,91.82816472272478,8432.411836343876,13980,13820,20,466,0.08183187760979121,0.501252,0.0,0.1830929326821233,113.664478,0.501252,0.0,0.16284309169054442,0.23134114504996475,113.168208,0.50167,1.3e-05,0.1640118956521739,0.23199004551239108,466,461,0,0,0,3,0,927,1388,0,0,0.9885550786838341,140.12158273381294,64860,64308,0,0,0,0,0,0,0,0,1642.0,8.0,0,0,1415517.241379310344827586207,0,148.3047210300429,131.8437047756874,0,699,691,103665,91104
113.642935,1469.0926453105071,12.125698795090079,6.0804483798310915,6.0452504152589865,691,687,91146,75806,314,68,131.90448625180898,49.33015410811985,166,68,110.34352256186317,41.55694307480474,314,68,121.15529753265602,46.87712659000418,2197.464997335277,13820,13740,20,460,0.08252936456063907,0.500479,0.0,0.1832891933610432,113.642886,0.500479,0.0,0.1646998347826087,0.2313244471214326,113.642929,0.500602,1e-06,0.16566024635568513,0.23177895197726925,460,456,0,0,0,3,0,916,1376,0,0,0.9942112879884226,121.15529753265602,64860,64308,0,0,0,0,0,0,0,0,0,0,0,0,0,0,131.90448625180898,110.34352256186317,0,691,687,91146,75806
61.427045,14.391055275408414,0.2116331658148296,0.03255894858689686,0.17907421722793274,2,11,136,748,68,68,68.0,0.0,68,68,68.0,0.0,68,68,68.0,0.0,0.0,40,220,20,0,5.118920416666667,26.111956,0.0,7.529020176050637,0,0,0,0,0,61.387028,26.111956,0.208004,6.1387028,7.860251716675272,0,0,0,0,12,0,0,0,13,0,0,5.5,68.0,501,684,0,0,0,0,0,0,0,0,0,0,0,0,0,0,68.0,68.0,0,2,11,136,748
0.061667,42664.634245220295,324.3225712293447,178.37741417613958,145.94515705320512,11,9,1198,1433,429,68,108.9090909090909,101.6209127953266,791,68,159.22222222222223,224.2423182272932,791,68,131.55,170.10099206059914,28934.34750000001,220,180,20,5,0.0032456315789473685,0.040791,0.0,0.009953909299262785,0.061667,0.040791,0.0,0.0061667,0.013065962207583489,0.020850999999999998,0.020463,1.1e-05,0.0026063749999999998,0.0067493450041003974,5,4,0,0,0,3,0,9,18,0,0,0.8181818181818182,131.55,64860,64308,0,0,0,0,0,0,0,0,425.0,4.0,0,0,7456140.350877192982456140351,0,108.9090909090909,159.22222222222223,0,11,9,1198,1433
0.000143,4566433.566433567,34965.03496503496,20979.020979020977,13986.013986013986,3,2,303,350,101,101,101.0,0.0,194,156,175.0,19.0,194,101,130.6,38.19214578941592,1458.6399999999999,60,40,20,3,3.575e-05,8.2e-05,0.0,3.038400072406529e-05,2e-05,2e-05,0.0,1e-05,1e-05,0,0,0,0,0,0,0,0,0,0,0,0,0,0,0,0,0.6666666666666666,130.6,0,0,0,0,0,0,0,0,0,0,0,0,0,0,0,0,101.0,175.0,0,3,2,303,350
100.009612,63.88385948342645,0.5499471390809915,0.3299682834485949,0.2199788556323966,33,22,4505,1884,177,68,136.5151515151515,48.7673022673142,104,68,85.63636363636364,17.639175033650766,177,68,116.16363636363636,46.61204044074435,2172.682314049587,660,440,20,22,1.852029851851852,10.001327,0.0,3.884653180930077,100.009612,10.001327,0.0,3.125300375,4.635290402358484,100.00945899999999,10.001595,0.000112,4.762355190476191,4.994599375044425,22,11,0,0,0,0,0,33,55,0,0,0.6666666666666666,116.16363636363636,568,501,0,0,0,0,0,0,0,0,0,0,0,0,0,0,136.5151515151515,85.63636363636364,0,33,22,4505,1884
70.096933,1696.8788063808724,12.882161335075814,6.847660510339304,6.034500824736511,480,423,68829,55000,256,68,136.53631284916202,60.68460365575086,188,68,125.27578947368421,49.54829169812923,256,68,130.85383903792786,56.07154536452181,3144.15950396003,12480,10580,20,354,0.07771278603104213,0.505129,0.0,0.17928386904580382,70.092408,0.505129,0.0,0.1463307056367432,0.22469564713388052,70.096875,0.505418,1.2e-05,0.16610633886255924,0.23283279423007047,358,359,0,0,0,0,0,769,1298,0,0,0.8346883468834688,132.54431314623338,608,451,0,0,0,0,0,0,0,0,0,0,0,0,0,0,136.53631284916202,125.27578947368421,0,480,423,68829,55000
106.631706,1569.8614068877414,13.246243318448508,6.010977683771283,7.2352656346772255,653,786,73754,97224,166,68,110.5119760479042,41.5434067812624,267,68,121.02853598014889,50.4398315327547,267,68,116.26255088195387,46.91193424382619,2200.729574497072,13360,16120,20,446,0.07562532340425533,0.504271,0.0,0.17698111640742986,106.631706,0.50437,0.0,0.166612040625,0.23227187110107678,106.631455,0.504271,1e-05,0.13866249024707414,0.22065933818515301,446,444,0,0,0,0,0,890,1474,0,0,1.2065868263473054,116.26255088195387,501,502,0,0,0,0,0,0,0,0,0,0,0,0,0,0,110.5119760479042,121.02853598014889,0,653,786,73754,97224
111.136974,1541.9800794648233,13.262912844828762,6.010600936462423,7.252311908366337,668,806,73822,97549,166,68,110.5119760479042,41.5434067812624,267,68,121.02853598014889,50.4398315327547,267,68,116.26255088195387,46.91193424382619,2200.729574497072,13360,16120,20,446,0.07544940529531569,0.504271,0.0,0.1768305379245826,111.136974,0.50437,0.0,0.16662214992503746,0.23229958725485958,111.136797,0.504271,1e-05,0.13805813291925467,0.2203934132260638,446,444,0,0,0,0,0,890,1474,0,0,1.2065868263473054,116.26255088195387,501,502,0,0,0,0,0,0,0,0,0,0,0,0,0,0,110.5119760479042,121.02853598014889,0,668,806,73822,97549
110.007608,65.67727570260413,0.5545071028178342,0.33634037384032567,0.21816672897750852,37,24,5173,2052,276,68,139.8108108108108,52.896041765690946,103,68,85.5,17.5,276,68,118.44262295081967,50.21511907069487,2521.5581832840635,740,480,20,25,1.833460133333333,10.000633,0.0,3.869450949654699,110.007608,10.000633,0.0,3.0557668888888885,4.6064447526867776,110.007402,10.000836,8.7e-05,4.7829305217391305,4.995383796907996,25,12,0,0,0,0,0,37,61,0,0,0.6486486486486487,118.44262295081967,568,501,0,0,0,0,0,0,0,0,0,0,0,0,0,0,139.8108108108108,85.5,0,37,24,5173,2052
111.655264,1777.2919331416385,14.061137323538995,8.033656165104764,6.027481158434232,897,673,114160,84284,252,68,127.26867335562987,60.93249961363247,188,68,125.23625557206537,49.58099974243359,252,68,126.39745222929936,56.35624850095348,3176.026745101221,17940,13460,20,449,0.07116332950924156,0.502073,0.0,0.17312008877858917,111.655202,0.502073,0.0,0.12461518080357144,0.21405959736976976,111.655023,0.502525,1.4e-05,0.1661533080357143,0.23299901852009217,449,449,0,0,0,0,0,898,1570,0,0,0.750278706800446,126.39745222929936,608,4450,0,0,0,0,0,0,0,0,0,0,0,0,0,0,127.26867335562987,125.23625557206537,0,897,673,114160,84284
105.137817,1593.6511217462314,14.010182463651494,6.011157716923113,7.999024746728383,632,841,69851,97702,166,68,110.52373417721519,41.540807372933436,251,68,116.17360285374554,50.59677925840582,251,68,113.74949083503056,47.009052602203894,2209.8510265567725,12640,16820,20,422,0.07142514741847827,0.501345,0.0,0.1730197070275801,105.137817,0.501435,0.0,0.16662094611727415,0.23240621775815984,105.137739,0.501345,1e-05,0.125163975,0.2138528749305635,422,420,0,0,0,0,0,842,1473,0,0,1.3306962025316456,113.74949083503056,523,502,0,0,0,0,0,0,0,0,0,0,0,0,0,0,110.52373417721519,116.17360285374554,0,632,841,69851,97702
90.007925,66.2386117666861,0.5666167729119408,0.34441411686804246,0.22220265604389836,31,20,4247,1715,177,68,137.0,47.94418798238554,104,68,85.75,17.75352077758099,177,68,116.90196078431373,46.334781287275305,2146.911956939638,620,400,20,21,1.8001585,10.001287,0.0,3.842001543761487,90.007925,10.001287,0.0,3.0002641666666663,4.582683976502905,90.00768599999999,10.001458,9.4e-05,4.737246631578948,4.993263981465222,21,10,0,0,0,0,0,31,51,0,0,0.6451612903225806,116.90196078431373,568,501,0,0,0,0,0,0,0,0,0,0,0,0,0,0,137.0,85.75,0,31,20,4247,1715
81.108168,1769.7724352496778,14.004843312099352,8.012897692492286,5.991945619607065,678,507,86251,63537,219,68,127.1887323943662,61.049514767299776,188,68,125.32616487455198,49.60851466820711,219,68,126.35919540229885,56.40116331641898,3179.486706302021,16840,12600,20,420,0.071460940969163,0.502602,0.0,0.17330049544794984,81.108168,0.502602,0.0,0.12497406471494608,0.2140933077552685,80.609324,0.502952,1.5e-05,0.16620479175257732,0.23281235496050376,420,420,0,0,0,0,0,840,1472,0,0,0.7482185273159145,126.43002717391305,608,9671,0,0,0,0,0,0,0,0,0,0,0,0,0,0,127.1887323943662,125.32616487455198,0,678,507,86251,63537
105.139263,1770.0808878601326,14.000478584294433,8.008425929331462,5.99205265496297,842,630,107130,78975,219,68,127.23277909738718,61.07221276948833,188,68,125.35714285714286,49.61241272704482,219,68,126.43002717391305,56.460649008068486,3187.804886412305,16840,12600,20,420,0.07147468592794018,0.502602,0.0,0.17331122294753729,105.139263,0.502602,0.0,0.12501695957193817,0.21411314751588442,104.640419,0.502952,1.5e-05,0.1663599666136725,0.23286535899567565,420,420,0,0,0,0,0,840,1472,0,0,0.7482185273159145,126.43002717391305,608,9671,0,0,0,0,0,0,0,0,0,0,0,0,0,0,127.23277909738718,125.35714285714286,0,842,630,107130,78975
105.139466,1596.4604575792691,14.028985081586775,6.020574614674189,8.008410466912586,633,842,70073,97778,166,68,110.6998420221169,41.54852071295389,251,68,116.12589073634204,50.55617810314198,251,68,113.79728813559322,46.979724361902846,2207.094501120368,12660,16840,20,423,0.07132935278154681,0.501873,0.0,0.17277237289490016,105.139437,0.50203,0.0,0.16635986867088606,0.2320591422107629,105.139434,0.501873,1.1e-05,0.12501716290130796,0.21355619810199203,423,420,0,0,0,0,0,843,1475,0,0,1.330173775671406,113.79728813559322,633,502,0,0,0,0,0,0,0,0,0,0,0,0,0,0,110.6998420221169,116.12589073634204,0,633,842,70073,97778
30.002408,83.05999971735602,0.6999438178428878,0.4332985539027401,0.26664526394014776,13,8,1795,697,177,68,138.07692307692307,47.075163365804265,115,68,87.125,19.45788721829788,177,68,118.66666666666667,46.133691162939265,2128.3174603174602,260,160,20,9,1.5001203999999997,10.000328,0.0,3.5707757995309133,30.002408,10.000328,0.0,2.5002006666666663,4.330165318674688,30.002156,10.000509,0.000113,4.286022285714286,4.948829754003198,9,4,0,0,0,0,0,13,21,0,0,0.6153846153846154,118.66666666666667,568,501,0,0,0,0,0,0,0,0,0,0,0,0,0,0,138.07692307692307,87.125,0,13,8,1795,697
105.139466,1596.4604575792691,14.028985081586775,6.020574614674189,8.008410466912586,633,842,70073,97778,166,68,110.6998420221169,41.54852071295389,251,68,116.12589073634204,50.55617810314198,251,68,113.79728813559322,46.979724361902846,2207.094501120368,12660,16840,20,423,0.07132935278154681,0.501873,0.0,0.17277237289490016,105.139437,0.50203,0.0,0.16635986867088606,0.2320591422107629,105.139434,0.501873,1.1e-05,0.12501716290130796,0.21355619810199203,423,420,0,0,0,0,0,843,1475,0,0,1.330173775671406,113.79728813559322,633,502,0,0,0,0,0,0,0,0,0,0,0,0,0,0,110.6998420221169,116.12589073634204,0,633,842,70073,97778
105.148353,1599.6256260904058,14.037309742740335,8.026754351539866,6.0105553912004686,844,632,98361,69837,251,68,116.5414691943128,50.809507970567246,166,68,110.50158227848101,41.56510826816762,251,68,113.95528455284553,47.16874976569048,2224.8909544583253,16880,12640,20,423,0.07128701898305084,0.502281,0.0,0.17297963456139828,105.148313,0.502281,0.0,0.12473109489916963,0.21374902574637852,105.148275,0.502418,1.4e-05,0.1666375198098257,0.23258774667199222,423,421,0,0,0,0,0,844,1476,0,0,0.7488151658767772,113.95528455284553,502,742,0,0,0,0,0,0,0,0,0,0,0,0,0,0,116.5414691943128,110.50158227848101,0,844,632,98361,69837
105.148865,1774.351059329076,14.037241391050678,8.026715266969358,6.01052612408132,844,632,107472,79099,252,68,127.33649289099526,60.9521842353138,188,68,125.15664556962025,49.59477393240164,252,68,126.40311653116531,56.380273088548144,3178.7351935392658,16880,12640,20,423,0.07128736610169492,0.503251,0.0,0.17336601097844753,105.148571,0.503251,0.0,0.12473140094899168,0.21429656746768014,105.148583,0.503642,1.5e-05,0.16663800792393027,0.2333871993973677,423,421,0,0,0,0,0,844,1476,0,0,0.7488151658767772,126.40311653116531,608,9684,0,0,0,0,0,0,0,0,0,0,0,0,0,0,127.33649289099526,125.15664556962025,0,844,632,107472,79099
90.008754,66.27133178623937,0.5666115542494901,0.3444109447398861,0.22220060950960394,31,20,4249,1716,177,68,137.06451612903226,47.979791097900026,104,68,85.8,17.80337046741431,177,68,116.96078431372548,46.3684987660397,2150.037677816225,620,400,20,21,1.8001750800000003,10.000822,0.0,3.842012356329187,90.008754,10.000822,0.0,3.0002918000000003,4.582691848404468,90.008535,10.001113,0.000163,4.737291315789474,4.993280611254859,21,10,0,0,0,0,0,31,51,0,0,0.6451612903225806,116.96078431372548,568,501,0,0,0,0,0,0,0,0,0,0,0,0,0,0,137.06451612903226,85.8,0,31,20,4249,1716
64.577901,1764.7058550261645,13.967626479528965,5.992762137004113,7.974864342524852,387,515,50022,67297,188,68,125.38888888888889,49.54266505440967,252,68,126.91065292096219,60.90812406598092,252,68,126.26592797783934,56.30997164324456,3179.773558265727,10280,13660,20,344,0.07167358601553829,0.504386,0.0,0.17423569241479683,64.080535,0.504708,0.0,0.1660117487046632,0.23399296848836387,64.577881,0.504386,1.3e-05,0.12563790077821013,0.21548915041591454,352,348,0,0,0,0,0,751,1337,0,0,1.330564784053156,129.20527441197433,9684,608,0,0,0,0,0,0,0,0,0,0,0,0,0,0,125.38888888888889,126.91065292096219,0,387,515,50022,67297
105.135332,1594.0312054181747,14.01051361116166,6.011299797864337,7.999213813297322,632,841,69883,97706,166,68,110.5743670886076,41.53952869520399,251,68,116.17835909631391,50.52550533954462,251,68,113.77393075356416,46.963432199732935,2205.563963978912,12640,16820,20,422,0.07142345923913043,0.50229,0.0,0.17360424653144202,105.135332,0.502428,0.0,0.16661700792393028,0.23342443296458554,105.135226,0.50229,1.1e-05,0.12516098333333334,0.21468200820918434,422,420,0,0,0,0,0,842,1473,0,0,1.3306962025316456,113.77393075356416,829,502,0,0,0,0,0,0,0,0,0,0,0,0,0,0,110.5743670886076,116.17835909631391,0,632,841,69883,97706
104.13399,1609.3592495591497,14.01051361116166,6.011299797864337,7.999213813297322,632,841,69883,97706,166,68,110.5743670886076,41.53952869520399,251,68,116.17835909631391,50.52550533954462,251,68,113.77393075356416,46.963432199732935,2205.563963978912,12640,16820,20,422,0.07142248971193414,0.50229,0.0,0.17360269753090163,104.13399,0.502428,0.0,0.16661438400000003,0.23342269965557963,104.133824,0.50229,1.1e-05,0.12516084615384615,0.2146812062722706,422,420,0,0,0,0,0,842,1473,0,0,1.3306962025316456,113.77393075356416,829,502,0,0,0,0,0,0,0,0,0,0,0,0,0,0,110.5743670886076,116.17835909631391,0,632,841,69883,97706
100.00886,66.54410419236855,0.5599503883955882,0.33996987866874995,0.2199805097268382,34,22,4768,1887,234,68,140.23529411764707,51.65044207061509,104,68,85.77272727272727,17.776214491642833,234,68,118.83928571428571,49.511101491669194,2451.3491709183677,680,440,20,23,1.818342909090909,10.000825,0.0,3.857042679511245,100.00886,10.000825,0.0,3.030571515151515,4.595746395023403,100.008629,10.001056,0.000172,4.762315666666667,4.9945103465255904,23,11,0,0,0,0,0,34,56,0,0,0.6470588235294118,118.83928571428571,568,501,0,0,0,0,0,0,0,0,0,0,0,0,0,0,140.23529411764707,85.77272727272727,0,34,22,4768,1887
107.652575,1777.1613916341528,14.0544710611892,8.035107381314381,6.01936367987482,865,648,110096,81220,253,68,127.278612716763,60.9666245692694,188,68,125.3395061728395,49.611131464503345,253,68,126.44811632518176,56.39205234048671,3180.0635671721925,17300,12960,20,433,0.07119879298941799,0.503522,0.0,0.17382550069177852,107.652575,0.503522,0.0,0.12459788773148146,0.2149968443132216,107.652454,0.503865,1.3e-05,0.1663871004636785,0.2342419564645447,433,432,0,0,0,0,0,865,1513,0,0,0.7491329479768786,126.44811632518176,608,9684,0,0,0,0,0,0,0,0,0,0,0,0,0,0,127.278612716763,125.3395061728395,0,865,648,110096,81220
105.639307,1592.4470235307394,13.991004314331596,6.001553948096233,7.9894503662353635,634,844,70130,98095,166,68,110.61514195583597,41.551497724512835,252,68,116.22630331753554,50.58470649202486,252,68,113.81935047361299,47.005417925253866,2209.5093143277772,12680,16880,20,423,0.07152288896411646,0.502681,0.0,0.17379644962197488,105.639307,0.502806,0.0,0.16688674091627173,0.23367477406212467,105.639245,0.502681,1e-05,0.1253134578884935,0.21489833829307214,423,422,0,0,0,0,0,845,1478,0,0,1.3312302839116719,113.81935047361299,938,502,0,0,0,0,0,0,0,0,0,0,0,0,0,0,110.61514195583597,116.22630331753554,0,634,844,70130,98095
90.007164,66.1947308994204,0.5666215635902049,0.34441702884894804,0.22220453474125682,31,20,4245,1713,177,68,136.93548387096774,47.90847152770277,104,68,85.65,17.652974253649155,177,68,116.82352941176471,46.30661066699679,2144.302191464821,620,400,20,21,1.8001432799999997,10.000823,0.0,3.8419644218784796,90.007164,10.000823,0.0,3.0002388,4.582638749246852,90.007,10.001046,0.000198,4.737210526315789,4.993212107417295,21,10,0,0,0,0,0,31,51,0,0,0.6451612903225806,116.82352941176471,568,501,0,0,0,0,0,0,0,0,0,0,0,0,0,0,136.93548387096774,85.65,0,31,20,4245,1713
78.611139,1849.865068104407,14.101562787624866,8.061536328633503,6.040026458991363,658,493,83704,61716,219,68,127.24531024531025,60.86023893242949,188,68,125.16176470588235,49.57154226739537,219,68,126.3608856088561,56.36039071957992,3172.853576136009,16860,12620,20,422,0.07120574184782609,0.502338,0.0,0.17372435369713368,78.611071,0.502338,0.0,0.1245817290015848,0.21483475147620454,78.610854,0.502768,1.4e-05,0.16654841949152543,0.23412411801885752,422,421,0,0,0,0,0,843,1474,0,0,0.7485172004744959,126.35685210312076,608,9684,0,0,0,0,0,0,0,0,0,0,0,0,0,0,127.24531024531025,125.16176470588235,0,658,493,83704,61716
105.151605,1771.252088829267,14.017855457365581,8.016996031586965,6.000859425778617,843,631,107261,78989,219,68,127.23724792408066,60.864828458772124,188,68,125.18066561014263,49.57335252631205,219,68,126.35685210312076,56.31815211512164,3171.7342576619803,16860,12620,20,422,0.0713860183299389,0.5026,0.0,0.17391504975426417,105.151605,0.5026,0.0,0.12488314133016627,0.21501803603748196,104.655359,0.503074,1.4e-05,0.16611961746031748,0.2339879656743965,422,421,0,0,0,0,0,843,1474,0,0,0.7485172004744959,126.35685210312076,608,9684,0,0,0,0,0,0,0,0,0,0,0,0,0,0,127.23724792408066,125.18066561014263,0,843,631,107261,78989
105.148143,1592.7813389914074,14.008806603460414,6.010567395374733,7.998239208085681,632,841,69813,97665,166,68,110.4636075949367,41.543731019075054,251,68,116.12960760998811,50.39596921543934,251,68,113.69857433808554,46.887322626551125,2198.421023086293,12640,16820,20,422,0.07143216236413044,0.501727,0.0,0.17357794069720436,105.148143,0.50188,0.0,0.16663731061806658,0.23337774263331756,105.148083,0.501727,1.1e-05,0.12517628928571428,0.21464092740963894,422,420,0,0,0,0,0,842,1473,0,0,1.3306962025316456,113.69857433808554,1048,502,0,0,0,0,0,0,0,0,0,0,0,0,0,0,110.4636075949367,116.12960760998811,0,632,841,69813,97665
100.009844,65.31357053211681,0.5599448790261087,0.3399665336944231,0.21997834533168556,34,22,4651,1881,177,68,136.7941176470588,47.9219828052446,103,68,85.5,17.5,177,68,116.64285714285714,46.28384035007273,2142.1938775510203,680,440,20,23,1.8183607999999998,10.001164,0.0,3.8571587415007595,100.009844,10.001164,0.0,3.0306013333333333,4.595900872504401,100.009687,10.001392,6.7e-05,4.7623660476190475,4.994639078834106,23,11,0,0,0,0,0,34,56,0,0,0.6470588235294118,116.64285714285714,568,501,0,0,0,0,0,0,0,0,0,0,0,0,0,0,136.7941176470588,85.5,0,34,22,4651,1881
105.148143,1592.7813389914074,14.008806603460414,6.010567395374733,7.998239208085681,632,841,69813,97665,166,68,110.4636075949367,41.543731019075054,251,68,116.12960760998811,50.39596921543934,251,68,113.69857433808554,46.887322626551125,2198.421023086293,12640,16820,20,422,0.07143216236413044,0.501727,0.0,0.17357794069720436,105.148143,0.50188,0.0,0.16663731061806658,0.23337774263331756,105.148083,0.501727,1.1e-05,0.12517628928571428,0.21464092740963894,422,420,0,0,0,0,0,842,1473,0,0,1.3306962025316456,113.69857433808554,1048,502,0,0,0,0,0,0,0,0,0,0,0,0,0,0,110.4636075949367,116.12960760998811,0,632,841,69813,97665
105.147026,1777.5015338997796,14.066018376972451,8.036366145058635,6.029652231913816,845,634,107494,79405,215,68,127.21183431952663,60.97027194569754,188,68,125.24447949526814,49.58472826480958,215,68,126.368492224476,56.380361954821055,3178.745214156633,16900,12680,20,422,0.07114142489851151,0.502153,0.0,0.17371304098346613,105.147026,0.502153,0.0,0.12458178436018959,0.21491101845944466,105.146781,0.502493,1.3e-05,0.16610865876777253,0.2340615112635024,422,423,0,0,0,0,0,845,1479,0,0,0.7502958579881657,126.368492224476,608,9684,0,0,0,0,0,0,0,0,0,0,0,0,0,0,127.21183431952663,125.24447949526814,0,845,634,107494,79405
105.140158,1593.5871049385337,14.00987051969239,6.011023875387366,7.998846644305024,632,841,69865,97685,166,68,110.54588607594937,41.54025555021171,234,68,116.15338882282997,50.38285305632216,234,68,113.74745417515275,46.876229491570015,2197.3808913463386,12640,16820,20,422,0.07142673777173913,0.501488,0.0,0.17363494267242946,105.140158,0.501578,0.0,0.1666246561014263,0.23347398136084788,105.140083,0.501488,1e-05,0.12516676547619046,0.21472402598669918,422,420,0,0,0,0,0,842,1473,0,0,1.3306962025316456,113.74745417515275,1113,502,0,0,0,0,0,0,0,0,0,0,0,0,0,0,110.54588607594937,116.15338882282997,0,632,841,69865,97685
90.008523,66.17151133565429,0.5666130084147698,0.34441182864427183,0.22220117977049797,31,20,4243,1713,177,68,136.8709677419355,47.87264148017406,104,68,85.65,17.652974253649155,177,68,116.7843137254902,46.26704825186919,2140.639753940792,620,400,20,21,1.8001704599999997,10.000979,0.0,3.8419984358925037,90.008523,10.000979,0.0,3.0002840999999996,4.582674413948157,90.008356,10.001243,0.00021,4.737281894736842,4.993266044935424,21,10,0,0,0,0,0,31,51,0,0,0.6451612903225806,116.7843137254902,568,501,0,0,0,0,0,0,0,0,0,0,0,0,0,0,136.8709677419355,85.65,0,31,20,4243,1713
66.085611,1593.1758579034702,13.996995503302527,6.0073591511471385,7.989636352155388,397,528,45222,63234,166,68,110.53883495145631,41.55413625776339,197,68,116.12392426850258,50.242220134900144,197,68,113.86384976525821,46.84884973938269,2195.0659392133193,9680,12880,20,323,0.07120787222222222,0.502245,0.0,0.17342196160103668,66.085611,0.502331,0.0,0.16688285606060607,0.23361356762096014,66.085518,0.502245,1.1e-05,0.1253994648956357,0.2148959549632288,333,332,0,0,0,0,0,713,1282,0,0,1.3279857397504455,116.08582089552239,1200,502,0,0,0,0,0,0,0,0,0,0,0,0,0,0,110.53883495145631,116.12392426850258,0,397,528,45222,63234
101.135878,1819.5224448439553,14.03865030505553,8.027599349694983,6.011050955360546,832,623,107114,78957,252,68,127.36504161712247,61.062831252335336,188,68,125.32857142857142,49.618912576363165,252,68,126.49286199864038,56.45539123855842,3187.211199898699,16820,12600,20,421,0.07142079641577061,0.502854,0.0,0.17402233626456665,99.632011,0.502854,0.0,0.12485214411027569,0.21510216750529088,101.135591,0.503169,1.4e-05,0.16634143256578945,0.23417701264908292,421,420,0,0,0,0,0,841,1471,0,0,0.7491082045184304,126.49286199864038,608,9684,0,0,0,0,0,0,0,0,0,0,0,0,0,0,127.36504161712247,125.32857142857142,0,832,623,107114,78957
104.640747,1778.1887585339962,14.057621358532542,8.03702213631942,6.020599222213121,841,630,107114,78957,252,68,127.36504161712247,61.062831252335336,188,68,125.32857142857142,49.618912576363165,252,68,126.49286199864038,56.45539123855842,3187.211199898699,16820,12600,20,421,0.07118418163265307,0.502854,0.0,0.17378730136793266,104.640747,0.502854,0.0,0.12457231785714284,0.21494915628412525,104.640461,0.503169,1.4e-05,0.16636003338632752,0.23418640107833488,421,420,0,0,0,0,0,841,1471,0,0,0.7491082045184304,126.49286199864038,608,9684,0,0,0,0,0,0,0,0,0,0,0,0,0,0,127.36504161712247,125.32857142857142,0,841,630,107114,78957
100.0061,66.45594618728258,0.5599658420836329,0.33997926126506284,0.21998658081857006,34,22,4747,1899,222,68,139.61764705882354,50.76474848338476,116,68,86.31818181818181,18.496649238655394,222,68,118.67857142857143,48.75086341464599,2376.646683673469,680,440,20,23,1.8182927272727274,10.000878,0.0,3.8569597020348434,100.0061,10.000878,0.0,3.030487878787879,4.595652388492996,100.005929,10.001059,0.000167,4.762187095238097,4.994377593047195,23,11,0,0,0,0,0,34,56,0,0,0.6470588235294118,118.67857142857143,568,501,0,0,0,0,0,0,0,0,0,0,0,0,0,0,139.61764705882354,86.31818181818181,0,34,22,4747,1899
113.15659,1592.7220853862777,13.998300938548962,6.0005343038350665,7.997766634713895,679,905,75131,105096,166,68,110.64948453608247,41.52311096499718,201,68,116.12817679558012,50.290044174615375,201,68,113.77967171717172,46.812408416042985,2191.401581710412,13580,18100,20,454,0.07148236891977258,0.502559,0.0,0.17366943230426596,112.660143,0.502667,0.0,0.16616540265486726,0.2332764759305128,113.156557,0.502559,1.2e-05,0.1251731825221239,0.21469692337336302,454,452,0,0,0,0,0,906,1584,0,0,1.332842415316642,113.77967171717172,1222,502,0,0,0,0,0,0,0,0,0,0,0,0,0,0,110.64948453608247,116.12817679558012,0,679,905,75131,105096
104.65033,1779.0101569674937,14.075445342599494,8.045841804798895,6.029603537800598,842,631,107131,79043,219,68,127.23396674584323,60.91989706275497,188,68,125.2662440570523,49.57597174681411,219,68,126.39103869653768,56.349173036595765,3175.229301908211,16840,12620,20,421,0.07109397418478261,0.503445,0.0,0.17363349672646675,104.65033,0.503445,0.0,0.12443558858501783,0.2147829326370261,104.650063,0.5038,1.6e-05,0.1661112111111111,0.23400478670307298,421,421,0,0,0,0,0,842,1473,0,0,0.7494061757719715,126.39103869653768,608,9684,0,0,0,0,0,0,0,0,0,0,0,0,0,0,127.23396674584323,125.2662440570523,0,842,631,107131,79043
100.009091,65.85401321165892,0.559949095027771,0.33996909340971815,0.2199800016180529,34,22,4700,1886,185,68,138.23529411764707,48.97541929888636,104,68,85.72727272727273,17.730768886014395,185,68,117.60714285714286,47.30134344642586,2237.417091836735,680,440,20,23,1.8183471090909091,10.001054,0.0,3.8570760540614493,100.009091,10.001054,0.0,3.030578515151515,4.595791231645748,100.008926,10.001252,9.3e-05,4.76232980952381,4.994526702382611,23,11,0,0,0,0,0,34,56,0,0,0.6470588235294118,117.60714285714286,568,501,0,0,0,0,0,0,0,0,0,0,0,0,0,0,138.23529411764707,85.72727272727273,0,34,22,4700,1886
79.614053,1635.3017475444944,14.029606660556373,6.028442337985796,8.001164322570578,492,653,54336,75857,166,68,110.44047619047619,41.56712429306921,201,68,116.05865102639297,50.26138547468335,201,68,113.79395817195972,46.89803524766336,2198.82754954913,11580,15380,20,393,0.07108397589285714,0.502027,0.0,0.17319629157594865,79.613932,0.502119,0.0,0.16551753014553017,0.23293787799053975,79.609722,0.502027,1e-05,0.12478012852664577,0.21438206763636516,393,392,0,0,0,0,0,841,1474,0,0,1.3285939968404423,113.71166892808684,1310,502,0,0,0,0,0,0,0,0,0,0,0,0,0,0,110.44047619047619,116.05865102639297,0,492,653,54336,75857
105.140916,1594.1557899305346,14.019280562478645,6.0204915848364875,7.998788977642158,633,841,69928,97683,166,68,110.47077409162718,41.564957239636996,201,68,116.15101070154577,50.3234936096998,201,68,113.71166892808684,46.84805007674825,2194.739795993512,12660,16820,20,421,0.0713787617107943,0.502778,0.0,0.17350237040373767,105.140916,0.502955,0.0,0.1663622088607595,0.23324486097799257,105.136562,0.502778,1e-05,0.1251625738095238,0.21460828870227902,421,420,0,0,0,0,0,841,1474,0,0,1.3285939968404423,113.71166892808684,1310,502,0,0,0,0,0,0,0,0,0,0,0,0,0,0,110.47077409162718,116.15101070154577,0,633,841,69928,97683
105.141321,1776.40910560749,14.057270594878677,8.036802200725631,6.020468394153046,845,633,107544,79230,219,68,127.27100591715977,60.91201278364551,188,68,125.16587677725119,49.56428769221477,219,68,126.36941813261164,56.342180807027184,3174.441338091742,16900,12660,20,423,0.07118572850372376,0.503703,0.0,0.17370003544285897,105.141321,0.503703,0.0,0.12457502488151657,0.214825132312181,105.140972,0.50415,1.2e-05,0.16636229746835443,0.234052253349972,423,422,0,0,0,0,0,845,1478,0,0,0.749112426035503,126.36941813261164,608,9684,0,0,0,0,0,0,0,0,0,0,0,0,0,0,127.27100591715977,125.16587677725119,0,845,633,107544,79230
90.009487,66.22635233994835,0.5666069399995581,0.3444081399997314,0.2221987999998267,31,20,4247,1714,177,68,137.0,47.94418798238554,104,68,85.7,17.703389505967493,177,68,116.88235294117646,46.3404482019942,2147.437139561707,620,400,20,21,1.8001897400000002,10.000911,0.0,3.842037816429624,90.00948700000001,10.000911,0.0,3.0003162333333337,4.58272102491241,90.00929000000001,10.001147,0.000234,4.737331052631579,4.9933155413814925,21,10,0,0,0,0,0,31,51,0,0,0.6451612903225806,116.88235294117646,568,501,0,0,0,0,0,0,0,0,0,0,0,0,0,0,137.0,85.7,0,31,20,4247,1714
105.141321,1776.40910560749,14.057270594878677,8.036802200725631,6.020468394153046,845,633,107544,79230,219,68,127.27100591715977,60.91201278364551,188,68,125.16587677725119,49.56428769221477,219,68,126.36941813261164,56.342180807027184,3174.441338091742,16900,12660,20,423,0.07118572850372376,0.503703,0.0,0.17370003544285897,105.141321,0.503703,0.0,0.12457502488151657,0.214825132312181,105.140972,0.50415,1.2e-05,0.16636229746835443,0.234052253349972,423,422,0,0,0,0,0,845,1478,0,0,0.749112426035503,126.36941813261164,608,9684,0,0,0,0,0,0,0,0,0,0,0,0,0,0,127.27100591715977,125.16587677725119,0,845,633,107544,79230
105.158296,1771.224973063466,14.007454057642773,6.009987077006269,7.9974669806365055,632,841,79314,106945,188,68,125.49683544303798,49.66100260626035,252,68,127.1640903686088,60.976841625817954,252,68,126.44874405974203,56.40651344583424,3181.6947591150793,12640,16820,20,422,0.0714390597826087,0.504049,0.0,0.174001566399439,105.158291,0.504471,0.0,0.16665339302694138,0.2342252974006082,105.158296,0.504049,1.3e-05,0.12518844761904763,0.21523837360618428,422,420,0,0,0,0,0,842,1473,0,0,1.3306962025316456,126.44874405974203,9684,608,0,0,0,0,0,0,0,0,0,0,0,0,0,0,125.49683544303798,127.1640903686088,0,632,841,79314,106945
105.158671,1595.0562935509142,14.016913545816873,6.019475084465455,7.997438461351418,633,841,70036,97698,166,68,110.64139020537125,41.56138222222821,230,68,116.16884661117717,50.356635646201546,230,68,113.79511533242876,46.86252683314796,2196.0964211875125,12660,16820,20,423,0.07139081534283774,0.50306,0.0,0.17357255753811326,105.158671,0.503237,0.0,0.16639030221518988,0.23335128207866856,105.158625,0.50306,1.2e-05,0.12518883928571428,0.21469951177124524,423,420,0,0,0,0,0,843,1474,0,0,1.3285939968404423,113.79511533242876,1419,502,0,0,0,0,0,0,0,0,0,0,0,0,0,0,110.64139020537125,116.16884661117717,0,633,841,70036,97698
100.008838,65.38422134251775,0.5599505115737872,0.3399699534555136,0.21998055811827352,34,22,4655,1884,177,68,136.91176470588235,47.98735596154398,104,68,85.63636363636364,17.639175033650766,177,68,116.76785714285714,46.34073765960934,2147.463966836735,680,440,20,23,1.8183425090909093,10.000773,0.0,3.8570392834035365,100.008838,10.000773,0.0,3.0305708484848486,4.595741820178348,100.008583,10.001,0.000226,4.762313476190476,4.994472861662671,23,11,0,0,0,0,0,34,56,0,0,0.6470588235294118,116.76785714285714,568,501,0,0,0,0,0,0,0,0,0,0,0,0,0,0,136.91176470588235,85.63636363636364,0,34,22,4655,1884
42.552149,1587.792898544325,13.982842558668423,8.013696323539381,5.969146235129041,341,254,39569,29284,230,68,116.0140056022409,50.58115771679498,166,68,110.35862068965517,41.54576634924164,230,68,113.68707482993197,46.94651794569746,2202.2163175151104,9140,6800,20,228,0.07163661447811448,0.501797,0.0,0.17393093040519667,42.552112,0.501797,0.0,0.1251532705882353,0.2148356491472788,42.060036000000004,0.502034,1.3e-05,0.16624520158102765,0.2334962975770549,228,237,0,0,0,0,0,493,864,0,0,0.7465618860510805,117.82551799345693,502,1506,0,0,0,0,0,0,0,0,0,0,0,0,0,0,116.0140056022409,110.35862068965517,0,341,254,39569,29284
68.601654,1785.5254626951123,14.125023866042648,8.07560704002851,6.049416826014137,554,415,73408,53910,252,68,127.27704918032786,61.048706417311486,188,68,125.23284823284823,49.55959727346823,252,68,126.39621087314663,56.461584989325104,3185.148872217744,14520,10880,20,373,0.07086947727272727,0.502687,0.0,0.1734634162985687,68.601654,0.502687,0.0,0.12405362386980108,0.21464608037353278,68.601575,0.503075,1.3e-05,0.16570428743961352,0.23396023652038273,373,373,0,0,0,0,0,814,1448,0,0,0.7476303317535545,126.44338983050848,608,9684,0,0,0,0,0,0,0,0,0,0,0,0,0,0,127.27704918032786,125.23284823284823,0,554,415,73408,53910
90.006642,66.92839401785481,0.566624849752755,0.344419026320302,0.2222058234324529,31,20,4314,1710,199,68,139.16129032258064,49.875391031982225,103,68,85.5,17.5,199,68,118.11764705882354,48.15117006654556,2318.5351787773934,620,400,20,21,1.8001328399999996,10.000731,0.0,3.8419442218306,90.006642,10.000731,0.0,3.0002213999999996,4.582615080692206,90.006407,10.00084,0.000176,4.737179315789473,4.993186271286344,21,10,0,0,0,0,0,31,51,0,0,0.6451612903225806,118.11764705882354,568,501,0,0,0,0,0,0,0,0,0,0,0,0,0,0,139.16129032258064,85.5,0,31,20,4314,1710
105.151909,1773.662520953376,14.02732498180323,8.026482904841984,6.000842076961247,844,631,107461,79043,252,68,127.32345971563981,60.98019155789813,188,68,125.2662440570523,49.57411763671302,252,68,126.44338983050848,56.393015693590314,3180.1722190175237,16880,12620,20,423,0.07133779443690638,0.50327,0.0,0.17391752937217234,105.151909,0.50327,0.0,0.12473536061684459,0.21500622172398126,104.653895,0.503722,1.3e-05,0.16611729365079367,0.23406427779118497,423,421,0,0,0,0,0,844,1475,0,0,0.7476303317535545,126.44338983050848,608,9684,0,0,0,0,0,0,0,0,0,0,0,0,0,0,127.32345971563981,125.2662440570523,0,844,631,107461,79043
120.103805,61.1138006826678,0.5162201147582294,0.3163929735614954,0.19982714119673395,38,24,5288,2052,185,68,139.1578947368421,48.802246667324575,103,68,85.5,17.5,185,68,118.38709677419355,47.553825136572,2261.366285119667,760,480,20,26,1.968914836065574,10.010708,0.0,3.9784020383997745,120.103805,10.010708,0.0,3.246048783783784,4.6849385001647805,110.093442,10.010912,0.000181,4.786671391304347,4.999243761454002,26,12,0,0,0,0,0,38,62,0,0,0.631578947368421,118.38709677419355,568,501,0,0,0,0,0,0,0,0,0,0,0,0,0,0,139.1578947368421,85.5,0,38,24,5288,2052
120.116242,59.417443312953466,0.5078413958372091,0.3080349450160121,0.19980645082119702,37,24,5073,2064,177,68,137.1081081081081,48.223457218976684,115,68,86.0,18.152134860671346,177,68,117.0,46.51387947276122,2163.5409836065573,740,480,20,25,2.001937366666666,10.010649,0.0,4.003737202281322,120.116242,10.010649,0.0,3.3365622777777784,4.7184171271639315,110.106406,10.010936,6.9e-05,4.787235043478261,4.9999472752226835,25,12,0,0,0,0,0,37,61,0,0,0.6486486486486487,117.0,568,501,0,0,0,0,0,0,0,0,0,0,0,0,0,0,137.1081081081081,86.0,0,37,24,5073,2064
50.578929,1606.4594803895511,14.116550391962628,8.066600223978645,6.049950167983984,408,306,47409,33844,193,68,116.19852941176471,50.259886334013515,166,68,110.60130718954248,41.57862696763179,193,68,113.79971988795518,46.81922382749945,2192.0397198094925,8160,6120,20,204,0.07093818934081347,0.502029,0.0,0.17303137790497267,50.578929,0.502029,0.0,0.12427255282555282,0.21406103403480664,50.578793,0.502266,1.6e-05,0.16583210819672134,0.23301995064067313,204,204,0,0,0,0,0,408,714,0,0,0.75,113.79971988795518,502,1550,0,0,0,0,0,0,0,0,0,0,0,0,0,0,116.19852941176471,110.60130718954248,0,408,306,47409,33844
13.022026,1814.080236055434,14.437077609889583,6.29702321282418,8.140054397065402,82,106,10195,13428,188,68,124.32926829268293,49.70794088744255,252,68,126.67924528301887,61.67727130521272,252,68,125.65425531914893,56.77974085229661,3223.938971253961,1640,2120,20,54,0.0696365026737968,0.502069,0.0,0.17203169627503542,13.022021,0.502543,0.0,0.16076569135802468,0.2318937813086431,13.019639,0.502069,1.4e-05,0.1239965619047619,0.21440279618569852,54,52,0,0,0,0,0,106,188,0,0,1.2926829268292683,125.65425531914893,9684,608,0,0,0,0,0,0,0,0,0,0,0,0,0,0,124.32926829268293,126.67924528301887,0,82,106,10195,13428
120.108943,59.3211448043465,0.5078722572722999,0.3080536642471327,0.19981859302516716,37,24,5073,2052,177,68,137.1081081081081,48.223457218976684,103,68,85.5,17.5,177,68,116.80327868852459,46.54728590708351,2166.6498253157756,740,480,20,25,2.001815716666667,10.010564,0.0,4.003416652703056,120.108943,10.010564,0.0,3.3363595277777773,4.718021147982939,110.098278,10.01058,8.1e-05,4.786881652173912,4.999487115057717,25,12,0,0,0,0,0,37,61,0,0,0.6486486486486487,116.80327868852459,568,501,0,0,0,0,0,0,0,0,0,0,0,0,0,0,137.1081081081081,85.5,0,37,24,5073,2052
120.110086,60.28636096389108,0.5078674242228084,0.30805073272531003,0.1998166914974984,37,24,5189,2052,216,68,140.24324324324326,50.998360018891866,103,68,85.5,17.5,216,68,118.70491803278688,49.12458042612131,2413.2244020424614,740,480,20,25,2.0018347666666667,10.01081,0.0,4.003435407893852,120.110086,10.01081,0.0,3.336391277777778,4.718038691526253,110.100487,10.011045,0.000149,4.786977695652174,4.99956983437815,25,12,0,0,0,0,0,37,61,0,0,0.6486486486486487,118.70491803278688,568,501,0,0,0,0,0,0,0,0,0,0,0,0,0,0,140.24324324324326,85.5,0,37,24,5189,2052
120.113253,59.3190161954901,0.5078540333929679,0.3080426104186854,0.19981142297428245,37,24,5073,2052,177,68,137.1081081081081,48.223457218976684,103,68,85.5,17.5,177,68,116.80327868852459,46.54728590708351,2166.6498253157756,740,480,20,25,2.00188755,10.010844,0.0,4.003547206350482,120.113253,10.010844,0.0,3.3364792500000005,4.718171916358262,110.103371,10.011195,8.9e-05,4.787103086956522,4.999720795446029,25,12,0,0,0,0,0,37,61,0,0,0.6486486486486487,116.80327868852459,568,501,0,0,0,0,0,0,0,0,0,0,0,0,0,0,137.1081081081081,85.5,0,37,24,5073,2052
120.111589,59.319837988322675,0.5078610690930082,0.3080468779744476,0.1998141911185606,37,24,5073,2052,177,68,137.1081081081081,48.223457218976684,103,68,85.5,17.5,177,68,116.80327868852459,46.54728590708351,2166.6498253157756,740,480,20,25,2.001859816666667,10.01064,0.0,4.003484211953039,120.111589,10.01064,0.0,3.336433027777778,4.718095902203507,110.101624,10.010897,0.000189,4.787027130434782,4.99961875748146,25,12,0,0,0,0,0,37,61,0,0,0.6486486486486487,116.80327868852459,568,501,0,0,0,0,0,0,0,0,0,0,0,0,0,0,137.1081081081081,85.5,0,37,24,5073,2052
120.117244,60.19119119982473,0.5078371595005959,0.3080323754347877,0.19980478406580823,37,24,5166,2064,199,68,139.6216216216216,50.304667104608484,115,68,86.0,18.152134860671346,199,68,118.52459016393442,48.48444285131599,2350.741198602526,740,480,20,25,2.001954066666667,10.010524,0.0,4.003798694550955,120.117244,10.010524,0.0,3.3365901111111116,4.718496217713929,110.109531,10.010804,3.6e-05,4.787370913043477,5.0001154815773035,25,12,0,0,0,0,0,37,61,0,0,0.6486486486486487,118.52459016393442,568,501,0,0,0,0,0,0,0,0,0,0,0,0,0,0,139.6216216216216,86.0,0,37,24,5166,2064
80.07171,64.6920116980142,0.5495074352727074,0.32470893902478165,0.22479849624792578,26,18,3641,1539,184,68,140.03846153846155,48.395391364524,103,68,85.5,17.5,184,68,117.72727272727273,47.204758829998774,2228.289256198347,520,360,20,18,1.8621327906976743,10.010238,0.0,3.894858010039352,80.071608,10.010238,0.0,3.2028643199999998,4.668842143450041,80.071687,10.010302,6.7e-05,4.710099235294117,4.9957346945600865,18,9,0,0,0,0,0,27,44,0,0,0.6923076923076923,117.72727272727273,568,501,0,0,0,0,0,0,0,0,0,0,0,0,0,0,140.03846153846155,85.5,0,26,18,3641,1539
